{"nodes":{"node:1":{"location":{"x":0,"y":0}}},"selection":null,"view":{"scroll":{"x":7641.087890625,"y":1095.539306640625},"visible_rect":{"max":{"x":339.9168701171875,"y":74.9590835571289062},"min":{"x":295.922149658203125,"y":42.4277725219726562}},"zoom":25.8212776184082031}}