{"nodes":{"node:1":{"location":{"x":10,"y":10}},"node:4":{"location":{"x":210,"y":60}}},"selection":null,"view":{"scroll":{"x":-18.1062602996826172,"y":-197.024810791015625},"visible_rect":{"max":{"x":389.469024658203125,"y":199.514801025390625},"min":{"x":-5.40000104904174805,"y":-58.7605705261230469}},"zoom":3.35301065444946289}}